project;#commits;#authors;from;to;#stars;#forks;LastGHCommitDate;LongestGapStart;LongestGapEnd;LongestGapLength;NumCommitsAfterLastGap;NumberOfGapsInTimeline;pattern
worldwidetelescope_pywwt;1724.0;16.0;1389625907.0;1757020950.0;55;14;2026/07/11;2016-09;2017-10;13.0;1642.0;7.0;declining
chakravala_grassmann.jl;597.0;15.0;1503791400.0;1760912173.0;515;41;2026/08/09;2017-08;2018-11;15.0;594.0;5.0;U-shaped
roboticslibrary_rl;578.0;20.0;1402513214.0;1750643853.0;1200;244;2025/04/15;2015-03;2017-08;29.0;573.0;7.0;declining
robelgium_msnoise;2084.0;52.0;1377438755.0;1776211363.0;214;94;2026/08/20;2022-02;2022-07;5.0;882.0;3.0;rising
stepjam_rlbench;619.0;38.0;1569533042.0;1756280121.0;1800;323;2025/01/25;2022-06;2022-10;4.0;107.0;4.0;declining
fragit_fragit-main;406.0;5.0;1335610324.0;1747942920.0;28;15;2025/04/11;2020-04;2023-09;41.0;54.0;10.0;irregular
architecture-building-systems_revitpythonshell;656.0;29.0;1258533985.0;1744359920.0;595;125;2025/04/11;2018-11;2019-12;13.0;138.0;13.0;steady
vlsida_openram;5074.0;129.0;1478107108.0;1761069676.0;1100;288;2026/08/16;2024-03;2024-05;2.0;46.0;0.0;declining
kaczmarj_neurodocker;2490.0;87.0;1487367191.0;1761955608.0;361;99;2026/09/23;2022-09;2022-12;3.0;696.0;1.0;declining
code-iai_rosintegration;467.0;48.0;1501619346.0;1762166372.0;468;142;2025/11/03;2024-06;2024-12;6.0;16.0;5.0;declining
