Month;Commits
2014-06;1.0
2014-07;0.0
2014-08;0.0
2014-09;0.0
2014-10;0.0
2014-11;0.0
2014-12;0.0
2015-01;2.0
2015-02;0.0
2015-03;2.0
2015-04;0.0
2015-05;0.0
2015-06;0.0
2015-07;0.0
2015-08;0.0
2015-09;0.0
2015-10;0.0
2015-11;0.0
2015-12;0.0
2016-01;0.0
2016-02;0.0
2016-03;0.0
2016-04;0.0
2016-05;0.0
2016-06;0.0
2016-07;0.0
2016-08;0.0
2016-09;0.0
2016-10;0.0
2016-11;0.0
2016-12;0.0
2017-01;0.0
2017-02;0.0
2017-03;0.0
2017-04;0.0
2017-05;0.0
2017-06;0.0
2017-07;0.0
2017-08;0.0
2017-09;1.0
2017-10;0.0
2017-11;0.0
2017-12;0.0
2018-01;2.0
2018-02;0.0
2018-03;11.0
2018-04;56.0
2018-05;23.0
2018-06;3.0
2018-07;28.0
2018-08;7.0
2018-09;10.0
2018-10;41.0
2018-11;3.0
2018-12;2.0
2019-01;0.0
2019-02;3.0
2019-03;1.0
2019-04;70.0
2019-05;36.0
2019-06;14.0
2019-07;1.0
2019-08;3.0
2019-09;4.0
2019-10;4.0
2019-11;2.0
2019-12;4.0
2020-01;4.0
2020-02;0.0
2020-03;2.0
2020-04;3.0
2020-05;26.0
2020-06;39.0
2020-07;16.0
2020-08;5.0
2020-09;1.0
2020-10;1.0
2020-11;9.0
2020-12;8.0
2021-01;9.0
2021-02;11.0
2021-03;0.0
2021-04;0.0
2021-05;1.0
2021-06;1.0
2021-07;0.0
2021-08;1.0
2021-09;0.0
2021-10;6.0
2021-11;4.0
2021-12;9.0
2022-01;2.0
2022-02;6.0
2022-03;0.0
2022-04;12.0
2022-05;23.0
2022-06;8.0
2022-07;0.0
2022-08;1.0
2022-09;0.0
2022-10;0.0
2022-11;0.0
2022-12;1.0
2023-01;0.0
2023-02;1.0
2023-03;0.0
2023-04;0.0
2023-05;0.0
2023-06;0.0
2023-07;0.0
2023-08;0.0
2023-09;0.0
2023-10;3.0
2023-11;1.0
2023-12;5.0
2024-01;3.0
2024-02;3.0
2024-03;4.0
2024-04;0.0
2024-05;0.0
2024-06;0.0
2024-07;0.0
2024-08;1.0
2024-09;8.0
2024-10;0.0
2024-11;0.0
2024-12;0.0
2025-01;0.0
2025-02;0.0
2025-03;0.0
2025-04;4.0
2025-05;0.0
2025-06;2.0
